1,Valerie Friedman,Flight Attendant,107130
2,Hayley Rhodes,Flight Attendant,133054
3,Michele Murphy,Pilot,79894
4,Jessica Walker,Flight Attendant,110998
5,Scott Thompson,Flight Attendant,97462
6,Robert Nelson,Ground Crew,53566
7,John Gonzalez,Pilot,97047
8,Kimberly Dillon,Flight Attendant,145071
9,Thomas Smith,Ground Crew,52668
10,Kevin Snyder,Flight Attendant,123760
11,Patrick Liu,Pilot,132447
12,Donna Morrison,Flight Attendant,119256
13,Melissa Morton,Pilot,73523
14,Kimberly Wilson,Flight Attendant,124128
15,Michael Atkinson,Flight Attendant,79608
16,Karen Anderson,Ground Crew,148259
17,Jennifer Evans,Pilot,140105
18,Mr. Kevin Frost Jr.,Pilot,146641
19,Joseph Hill,Flight Attendant,93177
20,Joshua Woods,Pilot,115933
21,Susan Russell,Flight Attendant,121128
22,Ryan Jones,Pilot,113908
23,Karen Stanley,Ground Crew,131681
24,Linda Turner,Ground Crew,121026
25,Michele Adkins,Ground Crew,80111
26,Diana Edwards,Ground Crew,105087
27,Brandon Holloway,Pilot,118900
28,Ronald Jefferson,Pilot,119550
29,Sabrina Jordan DDS,Flight Attendant,139073
30,Hayley Flores,Pilot,60048
31,Kelli Maxwell,Flight Attendant,133467
32,Brian Dodson,Pilot,125518
33,Susan Jackson,Flight Attendant,119057
34,John Smith,Flight Attendant,54523
35,Ashley Sanders,Pilot,68126
36,Clinton Bailey,Flight Attendant,86209
37,Donald Martin,Ground Crew,76326
38,Hannah Williams,Pilot,101324
39,Melissa Newton,Pilot,124824
40,Charles Diaz,Flight Attendant,87350
41,Eric Harris,Ground Crew,112410
42,Kenneth Smith,Ground Crew,122645
43,Kevin Carr,Pilot,106261
44,Dr. Brian Pearson,Flight Attendant,114279
45,Joshua Kelley,Ground Crew,137226
46,Donald Cortez,Ground Crew,93069
47,John Schultz,Flight Attendant,129211
48,Christopher Daniel,Pilot,113948
49,Alisha Griffin,Pilot,101132
50,James Romero,Ground Crew,75396
51,Lauren Chavez,Flight Attendant,114676
52,Christina Moore,Pilot,146041
53,Jonathan Leon,Flight Attendant,99278
54,Nancy Hicks,Ground Crew,122968
55,Stefanie Myers,Pilot,117943
56,Jeremy Cabrera,Flight Attendant,124599
57,Lawrence Russo,Pilot,145583
58,Robert Logan,Flight Attendant,131726
59,Walter Reeves,Ground Crew,142520
60,Jeremy Villanueva,Ground Crew,111735
61,Julia Hudson,Pilot,133555
62,Cathy Berry,Ground Crew,79580
63,Dana Barnes,Ground Crew,102859
64,Jessica Dawson,Ground Crew,147854
65,Jamie Smith PhD,Flight Attendant,110555
66,Hector Bailey,Ground Crew,97993
67,Angela Oneill,Flight Attendant,95870
68,Jeffrey Stevens,Flight Attendant,80027
69,Catherine Petersen,Flight Attendant,124758
70,Robert Fisher,Pilot,59079
71,Ashley Farmer,Flight Attendant,82141
72,Scott Rodriguez,Pilot,114944
73,Jermaine Hull,Pilot,73433
74,Kevin Sandoval,Pilot,84128
75,Nicholas Allen,Ground Crew,138653
76,Gary Logan,Flight Attendant,97403
77,Robert Harrell,Pilot,119591
78,Christopher Sims,Pilot,99495
79,Heather Parrish,Flight Attendant,98142
80,Dana Mccarthy,Flight Attendant,99621
81,James Jones,Ground Crew,101704
82,Gregory Brock,Pilot,89023
83,Justin Simon,Pilot,130893
84,William Myers,Pilot,99438
85,Edward Hayes,Pilot,120329
86,Alexander Sweeney,Pilot,115141
87,Alexander Williams,Pilot,128103
88,Jennifer Williams,Pilot,80633
89,Christopher Patterson,Flight Attendant,139989
90,Michael Osborne,Ground Crew,125958
91,Ryan Stewart,Ground Crew,51267
92,Jasmine Snyder,Pilot,96790
93,Scott Taylor,Pilot,137689
94,Andrew Keith,Flight Attendant,110117
95,Andrew Adams,Flight Attendant,126979
96,Lisa Osborne,Ground Crew,84166
97,Peter Fernandez,Ground Crew,142852
98,Victoria Chase,Ground Crew,84002
99,Michael Mcgee,Ground Crew,62044
100,Devon Lynch,Flight Attendant,57932
101,Brandon Thompson,Pilot,89098
102,Dale Anderson,Pilot,77678
103,Peggy Kelly,Ground Crew,52893
104,Alicia Carpenter,Ground Crew,124985
105,Stephanie Davis,Flight Attendant,78601
106,Brian Ramos,Ground Crew,134053
107,Daniel White,Flight Attendant,78182
108,Emily Ford,Ground Crew,112683
109,Jason Wilson,Pilot,72146
110,Jonathan Mitchell,Flight Attendant,78126
111,Michael Bowen,Pilot,136509
112,William Jones,Ground Crew,141398
113,Jennifer Smith,Ground Crew,54361
114,Shawna Rojas,Pilot,142030
115,Lorraine Fields,Ground Crew,80080
116,Alexander Jordan,Ground Crew,145214
117,Robert Walls,Pilot,107463
118,Lisa Ellis,Pilot,137688
119,Matthew Salazar,Ground Crew,68697
120,Katelyn George,Flight Attendant,112417
121,David Beard,Pilot,147447
122,Angela Roberts,Flight Attendant,70876
123,Laura Watkins,Ground Crew,134507
124,Gene Green,Flight Attendant,117203
125,Douglas Morgan,Pilot,72192
126,Elizabeth Reynolds,Flight Attendant,137564
127,Bethany Nunez,Ground Crew,142422
128,Nicholas Garcia,Flight Attendant,116506
129,Joan Wu,Ground Crew,84101
130,Bryan Chapman,Flight Attendant,136164
131,James Snyder,Pilot,59865
132,Tom Andrews,Flight Attendant,140672
133,Jorge Chen,Pilot,83184
134,Matthew Flores,Ground Crew,66734
135,Stacy Ray,Ground Crew,59610
136,Stephanie Galvan,Pilot,143927
137,Elizabeth Garcia,Flight Attendant,98180
138,Matthew Cox,Ground Crew,71024
139,Jo Harvey,Ground Crew,75597
140,Andrew Wells,Ground Crew,74101
141,Jeffery Hale,Ground Crew,121393
142,Yvette Rosario,Ground Crew,56049
143,Marcus Williams,Ground Crew,108347
144,James Garcia,Pilot,111523
145,Shane Santiago,Flight Attendant,103173
146,Melanie Herrera,Ground Crew,111575
147,Jeremy Wilcox,Flight Attendant,140553
148,Erica Lopez,Flight Attendant,137611
149,Benjamin Jordan,Ground Crew,73329
150,Jared Robinson,Pilot,118287
151,Timothy White,Pilot,137783
152,Jeffery Love,Flight Attendant,84173
153,Haley Mccann,Pilot,133109
154,Courtney Harris,Ground Crew,119562
155,Linda Lane,Flight Attendant,86978
156,Frank Russell,Flight Attendant,64753
157,Mrs. Alicia Flores,Ground Crew,104207
158,Katherine Woods,Ground Crew,96273
159,Monica Allen,Pilot,139634
160,Elizabeth Nguyen,Ground Crew,139184
161,Leah Marshall,Flight Attendant,102603
162,Caleb Huang,Pilot,109933
163,Kayla Molina,Pilot,120908
164,John Burton,Flight Attendant,128304
165,Shelia Hoffman,Ground Crew,76251
166,Manuel Douglas,Ground Crew,133724
167,Ann Russo,Flight Attendant,100714
168,Joseph Barber,Pilot,78889
169,Benjamin Wang,Flight Attendant,93152
170,Joshua Crawford,Flight Attendant,116321
171,Laura Nelson,Flight Attendant,143390
172,Joseph Smith,Flight Attendant,124668
173,Christopher Norton,Flight Attendant,119885
174,Thomas Marshall,Flight Attendant,106417
175,Kenneth Bryant,Flight Attendant,62342
176,Jennifer Carlson,Ground Crew,136282
177,Louis Ford,Ground Crew,98634
178,Kimberly Williamson,Ground Crew,120584
179,Jordan Graham,Pilot,120387
180,Mike Ball,Flight Attendant,120673
181,Christian Long,Ground Crew,63987
182,Jacob Sullivan,Flight Attendant,125267
183,Tracy Hanna,Flight Attendant,95878
184,Stephen Gonzalez,Pilot,76499
185,Mr. Michael Archer,Pilot,121220
186,Michael Peterson,Flight Attendant,95601
187,Daniel Mcknight,Pilot,149665
188,Brandon Brown,Flight Attendant,70088
189,David Rodriguez,Pilot,121320
190,Justin Larsen,Flight Attendant,120815
191,Carolyn Kennedy,Flight Attendant,79374
192,Michelle Andrews,Ground Crew,140102
193,Priscilla Henry,Ground Crew,113607
194,Casey Anderson,Ground Crew,138665
195,Michele Burch,Flight Attendant,101596
196,John Morton,Flight Attendant,78346
197,Heather Curtis,Flight Attendant,50536
198,Crystal Yang,Pilot,107029
199,Alexa Jackson,Flight Attendant,65178
200,Pamela Hughes,Flight Attendant,149201
